zip,path_in_zip,size_bytes,extension,category,decision,reasons,sha256
SpectralResearchVault.zip,SpectralResearchVault/Analog/CEM3389Filter/CEM3389Filter.cpp,10085,.cpp,code/config,keep,,7878797b3dd1d26b6bdf911175ae58af299c3e147f9b66dc7ed03bd853b7e1e5
SpectralResearchVault.zip,SpectralResearchVault/Analog/CEM3389Filter/CEM3389Filter.h,4227,.h,code/config,keep,,795c66a3dc99e6dc509023a4a0fe7ab02c53cc5b7406bdc58fc198da377fe28b
SpectralResearchVault.zip,SpectralResearchVault/Analog/MorphFilter/MorphFilter.h,2379,.h,code/config,keep,,3e86609647e79e4428b93aeb46565b299b258740144dadd0f80474b383a50cc2
SpectralResearchVault.zip,SpectralResearchVault/PluginConcepts/VintageCanvas/README.md,4303,.md,docs,keep,,5d63ba34ef33d9af7e8d1123afc03abcb4747e4692fdfc3db678abb4c9904e1a
SpectralResearchVault.zip,SpectralResearchVault/PluginConcepts/VintageCanvas/VintageCanvasProcessor.h,5100,.h,code/config,keep,,73b95a121dbad0add08ab2c4087593f3ff24d81fbd23f0bca520eeb874007da3
SpectralResearchVault.zip,SpectralResearchVault/README.md,1888,.md,docs,keep,,2fd1ae5ac2d58e736d3f138fe6ad78f98587b78487126c6abedb39f96b211bef
EMU_ZPlane_Vault - 1.zip,EMU_ZPlane_Vault/AUTHENTIC/core/AuthenticEMUZPlane.cpp,8397,.cpp,code/config,keep,,1d22f55952e66af16b816ec7f29c668973d5ce505ecdeac931b55baac996198a
EMU_ZPlane_Vault - 1.zip,EMU_ZPlane_Vault/AUTHENTIC/core/ZPlaneCoefficientBank.cpp,881,.cpp,code/config,keep,,94ec3adfbef90e21b3ea030eeb6a7811515b91d10a837d4e5553721202d35df2
EMU_ZPlane_Vault - 1.zip,EMU_ZPlane_Vault/AUTHENTIC/core/ZPlaneCoefficientBank.h,1482,.h,code/config,keep,,3b5be9fad2ef6e9cc10fc66ceaa11ac6ab9985be7efc9213d098b846931f1543
EMU_ZPlane_Vault - 1.zip,EMU_ZPlane_Vault/AUTHENTIC/core/ZPlaneFilter.h,9702,.h,code/config,keep,,e88fb421a28886ce04e696629c58df885f6552da3dfe792279db8721046b4483
EMU_ZPlane_Vault - 1.zip,EMU_ZPlane_Vault/AUTHENTIC/core/ZPlaneHelpers.h,3225,.h,code/config,keep,,6062a8f7c246f2b555d37681caab9ac4a0a24a3f00779d77450bae7ce5031e5a
EMU_ZPlane_Vault - 1.zip,EMU_ZPlane_Vault/AUTHENTIC/core/ZPlaneUtils.h,1142,.h,code/config,keep,,8029f02b03887fe74998d38a0ae2cb5ff9d1ee6153cfd56d65f25766d5afa0ea
EMU_ZPlane_Vault - 1.zip,EMU_ZPlane_Vault/AUTHENTIC/shapes/audity_shapes_A_48k.json,1535,.json,code/config,keep,,c20e8bdcb640998007e689f40f3354b73e3a8c8a95597dc325d69ae242c0b2d1
EMU_ZPlane_Vault - 1.zip,EMU_ZPlane_Vault/AUTHENTIC/shapes/audity_shapes_B_48k.json,1567,.json,code/config,keep,,15362e619d2479efbfb9f94cc4288dfc00345916525c55a0269b8a918a11c555
EMU_ZPlane_Vault - 1.zip,EMU_ZPlane_Vault/AUTHENTIC/spectral/ZPlaneSpectralMask.cpp,5997,.cpp,code/config,keep,,7abeb776b8df58889f1ea2ee863ea7a3beb66712f287632875e391bbf7d6f98c
EMU_ZPlane_Vault - 1.zip,EMU_ZPlane_Vault/AUTHENTIC/spectral/ZPlaneSpectralMask.h,2341,.h,code/config,keep,,0b3903df7a191efcf8bf19c8d16cd0ce263cb909523b747217ebd028ae160005
EMU_ZPlane_Vault - 1.zip,EMU_ZPlane_Vault/AUTHENTIC/tables/ZPlaneLogFreqLUT.h,1238,.h,code/config,keep,,7c489ac1de563d453be4a1543b597538f37aba96dc58738adee9029a799dc175
EMU_ZPlane_Vault - 1.zip,EMU_ZPlane_Vault/AUTHENTIC/tables/ZPlaneTables.h,2566,.h,code/config,keep,,a294e4862f9dfe94692f169d360bdb12aea33c0b423f0c72d1de943e6ee53050
EMU_ZPlane_Vault - 1.zip,EMU_ZPlane_Vault/AUTHENTIC/tables/ZPlaneTables_T1.h,2844,.h,code/config,keep,,aa64fa2420fc73fd8dd2ba54012d42fa07935d3d439ffa336218ebfb44184902
EMU_ZPlane_Vault - 1.zip,EMU_ZPlane_Vault/AUTHENTIC/tables/ZPlaneTables_T2.h,2856,.h,code/config,keep,,c9adbfd74a99b35274a4081a86d8ca85d0537cedcace74648ee0e80eedd75728
EMU_ZPlane_Vault - 1.zip,EMU_ZPlane_Vault/banks/orbit3/Orbit-3_comprehensive.json,66880,.json,code/config,keep,,63018915657a30fe30edbf37184ab91c2719c0bcfc56d796cc6417c7c8110ed6
EMU_ZPlane_Vault - 1.zip,EMU_ZPlane_Vault/banks/planet_phatt/Planet_Phatt_comprehensive.json,102568,.json,code/config,keep,,76e666eb437053c4ff5411695d5f5515ac468bc1632d700cab86c7bb09a9c3db
EMU_ZPlane_Vault - 1.zip,EMU_ZPlane_Vault/banks/proteus/Proteus1_fixed.json,76682,.json,code/config,keep,,530cb16352c8b9dd1acae5fa881c4dcf8a0eadbb36b1c3d3575871fe86332401
EMU_ZPlane_Vault - 1.zip,EMU_ZPlane_Vault/banks/proteus/ProteusX_Composer.json,18771,.json,code/config,keep,,6314dac972e533779ea959fb567d02ac70985b0d0d8a12bf081643281efdbb0c
EMU_ZPlane_Vault - 1.zip,EMU_ZPlane_Vault/documentation/extraction/EXTRACTION_GUIDE.md,1260,.md,docs,keep,,102a39012410b46743672af845873651ac5cd6dd8f7af6751b423ced71a13b52
EMU_ZPlane_Vault - 1.zip,EMU_ZPlane_Vault/documentation/extraction/HANDOFF_EMU_INTEGRATION.md,3095,.md,docs,keep,,afb45d2d89842f8b79c2baaaa4ff16954c5b87855f97255a9b3aa6fe1777c544
EMU_ZPlane_Vault - 1.zip,EMU_ZPlane_Vault/documentation/hardware_specs/EMU_AUDITY_2000_TECHNICAL_SPECS.md,10218,.md,docs,keep,,25e603627fe921e744497d6e5e8663f53b3551b41d51461a5b656186bf931e0b
EMU_ZPlane_Vault - 1.zip,EMU_ZPlane_Vault/documentation/implementation/ARCHITECTURE_OVERVIEW.md,529,.md,docs,keep,,dfed24dac0cb686d71069dc622ce2925e8ecff9a77b646be3806730214388fba
EMU_ZPlane_Vault - 1.zip,EMU_ZPlane_Vault/documentation/implementation/MODULE_MAP.md,1051,.md,docs,keep,,0ca69e63f28d1039502e907c74c1d23873e31737a0f243ff1e605797123d337c
EMU_ZPlane_Vault - 1.zip,EMU_ZPlane_Vault/documentation/implementation/PORTING_CHECKLIST.md,514,.md,docs,keep,,33a71ce093224558191dc78b3ff12609319640d78e5dc092ab178af37f26a1c6
EMU_ZPlane_Vault - 1.zip,EMU_ZPlane_Vault/documentation/implementation/Z_PLANE_FILTER_IMPLEMENTATION_SPEC.md,17351,.md,docs,keep,,b609924d46fe8361b8566b41597af1ec8a7beecdb2dbbabc23f334db6d56da78
EMU_ZPlane_Vault - 1.zip,EMU_ZPlane_Vault/documentation/research/RESEARCH_SOURCES.md,12039,.md,docs,keep,,ea675a297276c98578c27c009cb39e0e3ab424e22d65197cf1a06feff0de3c3f
EMU_ZPlane_Vault - 1.zip,EMU_ZPlane_Vault/INDEX.csv,59498,.csv,docs,keep,,e659923d9d389254cfdf1418e3537b9b561d2e80e3ea7c67895b5d9b36c34d95
EMU_ZPlane_Vault - 1.zip,EMU_ZPlane_Vault/manifest.json,3930,.json,code/config,keep,,a1c9a8c4979afae216861f34aed1ec13b512d97f0b61ceb1d31663c4d22b867e
EMU_ZPlane_Vault - 1.zip,EMU_ZPlane_Vault/README.md,2433,.md,docs,keep,,6d1ba5cdb43b6f02a2011d01124fca7a3ba05e6d3d0758dcdbcd629fe42847f8
Source - 2.zip,Source/assets/button/button_24px.png,870,.png,images,keep,,d316a90116e021c7c7faef7bf998b3ad292d5e244a39a65d564b827485fd9a1f
Source - 2.zip,Source/assets/button/button_32px.png,1180,.png,images,keep,,4942c31f2b1b42e94f0eb5ca1f20bfc3c54820e1b5f377658e9f2e24b8c3e791
Source - 2.zip,Source/assets/button/button_40px.png,1629,.png,images,keep,,2049de07879d373305b7c8bda4770c345fb68e4619505f645b916742b6db673c
Source - 2.zip,Source/assets/knob/knob_32px.png,2006,.png,images,keep,,65021a817c402628c38e7c3747cb44efe662cd937959a1b18a9ab2b570929f23
Source - 2.zip,Source/assets/knob/knob_48px.png,3560,.png,images,keep,,eae6a17a03cc365b13c3fa418c3f84d01dee241c2eb3bfea4038c00fe3563213
Source - 2.zip,Source/assets/knob/knob_64px.png,5544,.png,images,keep,,f3d1c354902e80fc4bb8a5589f217ce8084204007db0c325b8963099cbc13043
Source - 2.zip,Source/assets/lcd/lcd_segment_16px.png,482,.png,images,keep,,90d90e3899287368e6a42cd69b4c2e34e0812cef4cf080f692e38d1f100b2164
Source - 2.zip,Source/assets/lcd/lcd_segment_20px.png,508,.png,images,keep,,89316a14ea27e2f5eb63c64de00d14faa7a4895aca071f552c479267291707ec
Source - 2.zip,Source/assets/lcd/lcd_segment_24px.png,678,.png,images,keep,,ca1839104f189b7fe534f0627054a7506eda6938e810c0d3cefed69c818cf98d
Source - 2.zip,Source/assets/lcd/led_green_16px.png,462,.png,images,keep,,20d8e4390fd701b4324ba22227840716bc16bc3bf8ad0822c4ea426bbbfffdae
Source - 2.zip,Source/assets/lcd/led_green_20px.png,566,.png,images,keep,,128f14a70df1f3a2883f6e050c786273bc0b0c93e2beb0272a7762a180212a92
Source - 2.zip,Source/assets/lcd/led_green_24px.png,763,.png,images,keep,,db2da405b6985a1900683f47ca3962a2aee6bc43a409f2206c7c20a7eedc4242
Source - 2.zip,Source/assets/led/led_green_12px.png,392,.png,images,keep,,0c8ab5dc576752d8da338bb122401e02085da3355d7ee118b3940d273424a6f8
Source - 2.zip,Source/assets/led/led_green_16px.png,498,.png,images,keep,,f97ef810f86b18cf63b2c9b7234e5c1962c30f0c38a56c133bc4578bc9eb5601
Source - 2.zip,Source/assets/led/led_green_20px.png,653,.png,images,keep,,15fd5140a2f9743e3592995f0b931c34f1ac915b50976f152d20d75a1106cee1
Source - 2.zip,Source/assets/led/led_red_12px.png,469,.png,images,keep,,ef246cd44e00b6c58a8202b7a89c5c04e5fd5bd79c60282408474eec3b5d6fa8
Source - 2.zip,Source/assets/led/led_red_16px.png,724,.png,images,keep,,2d48e2a62b603ea06b5d1b01528ebd0ad4d05edb55727b683b7758fb328d2e6a
Source - 2.zip,Source/assets/led/led_red_20px.png,974,.png,images,keep,,da3a110e7a878f4cffe868c05fc26991a03bc26317c81228e0a052fc3bf85bf4
Source - 2.zip,Source/assets/manifest.json,2555,.json,code/config,keep,,25d39ea64a4a4fa0aa33fa44f97f6a572d19bb5034909d0d561a15d8f203710b
Source - 2.zip,Source/assets/meter/meter_segment_16px.png,512,.png,images,keep,,19d7dfab99a6ec17b1be3edc4493e116d69041703120de76b28f59cc09b9e4cd
Source - 2.zip,Source/assets/meter/meter_segment_20px.png,627,.png,images,keep,,1c6f95ee078e6853ebc6827af0adc08f44c2d34c849bc9087161660c2ba2ab9c
Source - 2.zip,Source/assets/meter/meter_segment_24px.png,832,.png,images,keep,,f0c0af3f540dc542f0da3e7b7d6de3ea4634b20e0dc35dfcb9bdf8acb064e972
Source - 2.zip,Source/assets/panels/nameplate_aluminum_128px.png,11847,.png,images,keep,,38ea075dc3ef66f72dda53359ef3355b594ea98c2899c1812d1feac7983992ae
Source - 2.zip,Source/assets/panels/nameplate_aluminum_32px.png,1212,.png,images,keep,,8c084530431f1122f80c76af157a40f7d8f032ee297ec38ad6397f4518e07ef3
Source - 2.zip,Source/assets/panels/nameplate_aluminum_64px.png,3329,.png,images,keep,,a37657b0dd8c75ca957e01c4d566ae617c6bc24e0b54709999b952852cd96fd1
Source - 2.zip,Source/assets/panels/panel_graphite_128px.png,10157,.png,images,keep,,63525c3a80d28a24e276fb8225d004d446963d63f781d2055b8ac27e39549f56
Source - 2.zip,Source/assets/panels/panel_graphite_256px.png,53159,.png,images,keep,,6ee696a9ea04f93200377494270d678d2597179e0f8ebc8b708f50435831f250
Source - 2.zip,Source/assets/panels/panel_graphite_64px.png,2365,.png,images,keep,,364fc2193405689708c7ebe109e55fc61ab7da4bf95571db1646cb8c0d8939a8
Source - 2.zip,Source/assets/panels/panel_teal_128px.png,9327,.png,images,keep,,c16453533ec846df3abf9e61f342c3c55b8655cb799b37e1fbe59d92cc7c9810
Source - 2.zip,Source/assets/panels/panel_teal_256px.png,50935,.png,images,keep,,ab7c80584a37e21f59978b1ef76ba56659fac1287afa8db0cddaf2b0cfcade5b
Source - 2.zip,Source/assets/panels/panel_teal_64px.png,2294,.png,images,keep,,d3a1257bd1563bf1e8318ec595ccece217159d1fe89c4d3c3b06c0ad4f8ae36a
Source - 2.zip,Source/assets/sprite_index.txt,1238,.txt,docs,keep,,0b91b9197c3962f3d8249d40ef420da5f6dc4d1bcb67215a3c26f8c55b86ed12
Source - 2.zip,Source/assets/toggle/toggle_20px.png,939,.png,images,keep,,d927235479e91ea6362b242230db9e1d603e79b898f14ca7d5547ad7725ac2e8
Source - 2.zip,Source/assets/toggle/toggle_24px.png,1241,.png,images,keep,,1c4b9efc9164f0dadd2d0ce531234e525b74e21f83dad1a9e573fc8d6fb903c9
Source - 2.zip,Source/assets/toggle/toggle_28px.png,1587,.png,images,keep,,04661c68ca1cecc433eaec0b18a0eab114649f2fde1a068cb352433d73faefbe
Source - 2.zip,Source/CanvasPanel.h,1106,.h,code/config,keep,,2151fa017ca072f859e7057a42df4e1f22f24578dbe5ffb38d17260cae0aeb67
Source - 2.zip,Source/ColorToSpectralMapper.h,16441,.h,code/config,keep,,530af1f0d2e61a10125724f1f4043aacd0182bc78ebb092ed5af685b026a5c64
Source - 2.zip,Source/CommandLinePanel.cpp,22528,.cpp,code/config,keep,,6a60dce3952d7c1a536d6c92a2573ef235e77f16ee563007510da3494979eb01
Source - 2.zip,Source/CommandLinePanel.h,7354,.h,code/config,keep,,499996a7dc43c4432ad006e1a88fd48aacf5bb6b10ba35e64f36b7d899eb32c3
Source - 2.zip,Source/CommandQueue.h,8636,.h,code/config,keep,,2f628f019001ec94717ea401443544f8270bfcc5ffa97681d50070f03c9e6eaf
Source - 2.zip,Source/Commands.h,9076,.h,code/config,keep,,ac328c1fea226c11479955b0533c4b0f717c7e1b8d5908c7c76dbbcd74763b26
Source - 2.zip,Source/Core/AtlasIds.h,310,.h,code/config,keep,,5607ea90592d1f978489167f3f8a51eb65c149776b65d9707e0756ae80dc8aeb
Source - 2.zip,Source/Core/AudioPathId.h,811,.h,code/config,keep,,dc3c71371118018b594f5117558c2d30d3d63288dce4598b35da8159d49ef21b
Source - 2.zip,Source/Core/AudioRecorder.cpp,19867,.cpp,code/config,keep,,d6a2f3cc0ea2b9216b095970d8a5d23ad8616891e28f56571eb7015a67113cb8
Source - 2.zip,Source/Core/AudioRecorder.h,6781,.h,code/config,keep,,688b39a091d3c830ae0d37f452b757f45ce21dc45435095cd37094680d6e17f7
Source - 2.zip,Source/Core/BuildInfo.h,385,.h,code/config,keep,,6971c60e28603858008d47e4727180d26bec0e333c2445bbe43eceb7eb6bccd8
Source - 2.zip,Source/Core/CanvasLayer.cpp,16880,.cpp,code/config,keep,,11f38c2c91ae2e306be5bf1c2cb6c2fa5b1e8f1f3fdaccb9dc619165d7f22a32
Source - 2.zip,Source/Core/CanvasLayer.h,9314,.h,code/config,keep,,d3e3461b617eae3fa438214daa20a717ea84cab9a9e9f10121ec503e978907bf
Source - 2.zip,Source/Core/CanvasProcessor.cpp,5085,.cpp,code/config,keep,,aec283f11ddb323240f221bd597b1f9c58e76da935d18912ff1d050a65ef47c2
Source - 2.zip,Source/Core/CanvasProcessor.h,2264,.h,code/config,keep,,b3b35104509fd368ab42a653f15a9f3d7d39d3aa28a1d1349178e1b2c4683feb
Source - 2.zip,Source/Core/CDPSpectralEngine.cpp,40862,.cpp,code/config,keep,,b0fd81ed64e15f96893c51fa1e159e0ebbd9171fdc7747e30fb723e8a9532470
Source - 2.zip,Source/Core/CDPSpectralEngine.h,16009,.h,code/config,keep,,a3b89346147310c4cf5f17e0d1af01ef8aae0c33ea15928bbcc0863b1e9fa913
Source - 2.zip,Source/Core/CEM3389Filter.cpp,10085,.cpp,code/config,junk,duplicate of SpectralResearchVault.zip::SpectralResearchVault/Analog/CEM3389Filter/CEM3389Filter.cpp,7878797b3dd1d26b6bdf911175ae58af299c3e147f9b66dc7ed03bd853b7e1e5
Source - 2.zip,Source/Core/CEM3389Filter.h,5036,.h,code/config,keep,,69fd86a9d619f718e316d710d3f3ba3672da05929351bafc114da3aac89dfba0
Source - 2.zip,Source/Core/CollaborativeManager.cpp,10663,.cpp,code/config,keep,,5612c42d524f7b0bb99e664222a6af92db2adb7671ec1996297ff58d7cdb6025
Source - 2.zip,Source/Core/CollaborativeManager.h,19733,.h,code/config,keep,,471616c74d2c686ece892e33c72a2ee2debdc8a5313f45b7f0de1e526badce88
Source - 2.zip,Source/Core/ColorToSpectralMapper.cpp,11426,.cpp,code/config,keep,,782cc4cdb773f1e8f2b0bec97c7851c664a9af7d6ab7f558a2a662fa58cc32db
Source - 2.zip,Source/Core/ColorToSpectralMapper.h,4820,.h,code/config,keep,,cb7f6b8fb6fda33f9d869d3721c041158bfb0837e3635c0d28859a99b473819d
Source - 2.zip,Source/Core/ColumnOps.h,800,.h,code/config,keep,,ce9842c9da31253f34c9423eb5fca4969d70fd9276091a88a2f4db242c481352
Source - 2.zip,Source/Core/CommandQueue.h,8636,.h,code/config,junk,duplicate of Source - 2.zip::Source/CommandQueue.h,2f628f019001ec94717ea401443544f8270bfcc5ffa97681d50070f03c9e6eaf
Source - 2.zip,Source/Core/CommandQueueOptimized.h,13695,.h,code/config,keep,,e48c5450508b7a019721c39c9bb0ecb41491acdb695b08bd84be09b59930d8fb
Source - 2.zip,Source/Core/Commands.h,8769,.h,code/config,keep,,4eaef97565d1db19f36256b03e699b5361bb757545a9b0b943305029dd40f816
Source - 2.zip,Source/Core/Config.cpp,1495,.cpp,code/config,keep,,4a231eaf0c7eef1a7e5525d2e056d612a14d112ec8c10dda5fd5d1e0c5689a8e
Source - 2.zip,Source/Core/Config.h,2927,.h,code/config,keep,,3ec4c5f60b7c6bb7fad751ab6e0d3592bbacf661d93bec13fb0b0eda47660700
Source - 2.zip,Source/Core/ContinuousVerification.h,10334,.h,code/config,keep,,dc885e1b935959794fec3a1c87ea3196603b6a2cdfb792c26d7d2016b33b488f
Source - 2.zip,Source/Core/CrashToggles.h,2839,.h,code/config,keep,,a4894dfa6edb234cc989b1fca69119c0faf8b1379c9dfee0ea8dff11a8460a58
Source - 2.zip,Source/Core/DegradedModeManager.h,11525,.h,code/config,keep,,8d6ed9a591c37e513f5ad062e94ff07a134411ed9ab9359b2b94db1e65e3f58c
Source - 2.zip,Source/Core/DiagnosticLogger.cpp,2765,.cpp,code/config,keep,,e2194a22638db3024bbbabd4f15be7f00784a78e85b86542a67e1d01f8ad58b3
Source - 2.zip,Source/Core/DiagnosticLogger.h,2739,.h,code/config,keep,,e0541c19213dc8abd0b24214a9a3e0f5293e2778988bb18099bb04ab539eee1b
Source - 2.zip,Source/Core/DoubleBuffer.h,891,.h,code/config,keep,,85b4a3387813d26e543f7476036659a44d3136c32195bde0a46dfaec19931ea8
Source - 2.zip,Source/Core/EMUFilter.h.backup,6001,.backup,other,keep,,9bbe0bf7a2f776e681737e1b193e9e0e79d16665b2f5d8bba7eaf610f20286aa
Source - 2.zip,Source/Core/ForgeProcessor.cpp,2632,.cpp,code/config,keep,,bd545d0bd2be7811ab617d2d0e91277590eb2e0487a25b5e6f56bd0419c5155e
Source - 2.zip,Source/Core/ForgeProcessor.h,1128,.h,code/config,keep,,d755a55f95cc9123f00da8f38bb5bb1545f38a0409b0abfe11e3d8e8af1e06c8
Source - 2.zip,Source/Core/ForgeVoice.cpp,5271,.cpp,code/config,keep,,405b401b8ead1d5dcf8c591bd6269c5693baa9d010a502851c8c0470fa9f706b
Source - 2.zip,Source/Core/ForgeVoice.h,2991,.h,code/config,keep,,ef0cfdfc2954e625b62c8489e0f82d3033202ca55e8d75f249bcded6c6142461
Source - 2.zip,Source/Core/FrequencyLUT.h,10901,.h,code/config,keep,,d7e3a0542525a8e42a0e41fea2f94ae65a5d9b74cf31779ba4e9de0329408c07
Source - 2.zip,Source/Core/GestureSnapshot.h,5934,.h,code/config,keep,,6cf6c583859ee8d232fea26f9d2e5044b4b6d2505d4c81bd8151bc94044098cd
Source - 2.zip,Source/Core/GPUStatus.h,204,.h,code/config,keep,,b95fa01548e983b74ef33adb9281b99baeda50177e05d295e575bda69c552cde
Source - 2.zip,Source/Core/GrainPool.cpp,277,.cpp,code/config,keep,,274fe8430a68ef8b5f9b80ea27dc617a2bd59586f0eacf47b30ca8c34bda93dc
Source - 2.zip,Source/Core/GrainPool.h,265,.h,code/config,keep,,61dcab66ca6ba73ede87888918cd3310751314e8c80655338d68efda8889b93d
Source - 2.zip,Source/Core/HardwareControllerManager.cpp,26560,.cpp,code/config,keep,,30ea351dec3a163b12ec3853035a86d9dc34ded637425df0b635da776583b752
Source - 2.zip,Source/Core/HardwareControllerManager.h,17618,.h,code/config,keep,,36ee49f7273906583f8efb0a1d7aac8caad85150bcc05b17092cd5f6e1f4466e
Source - 2.zip,Source/Core/HarmonicQuantizer.h,5860,.h,code/config,keep,,dbd1a0a9fc7ca8b01d45ed5d2b6a4507abd3d45ed6dcf16f2a83f74eb4424f1e
Source - 2.zip,Source/Core/IntegrationTest.cpp,7271,.cpp,code/config,keep,,bcddae1d6f6843c8925219cbb2a88ce3a39489f63cd63ce3015165a61e13e5dc
Source - 2.zip,Source/Core/LatencyTracker.h,3813,.h,code/config,keep,,b7ac5a3b2cab7fcb6cbea14e82ed5f4a907c97ef4b5926ec37601aab496c856e
Source - 2.zip,Source/Core/LinearTrackerEngine.cpp,27992,.cpp,code/config,keep,,5d26b05df23b0453812a4a47c7656f5470d201a94d599b3a3f1ba1fa732e2d81
Source - 2.zip,Source/Core/LinearTrackerEngine.h,14704,.h,code/config,keep,,5704896d34a57b3203dacde890e99970571b004d252d3d5c09ce76c127629704
Source - 2.zip,Source/Core/MaskAtlas.h,1924,.h,code/config,keep,,9f07b70dfc121bf0568e313525939611c281323731e91aa4832c2a42a8c6ea96
Source - 2.zip,Source/Core/MaskColumn.h,1293,.h,code/config,keep,,cfe596a98f491a1c376d29e385eeed74e6961d4c8b89d00dbca096add6108d32
Source - 2.zip,Source/Core/MaskSnapshot.cpp,10153,.cpp,code/config,keep,,0f1328228aa86aa7b54011dc69252745859c20c7e32ea0c9e141af00240cf781
Source - 2.zip,Source/Core/MaskSnapshot.h,8695,.h,code/config,keep,,eefb39eb6a1a36387d59f90191890f13f7b6697d69cc051cde1bdbec55dfea35
Source - 2.zip,Source/Core/MaskSnapshotDemo.md,3285,.md,docs,keep,,3e4729086f4630e30f3e52e9b34335aada347fd9be534e02acec1e11b45e2d82
Source - 2.zip,Source/Core/MessageBus.h,2200,.h,code/config,keep,,9c62fccc6f3fb4cdede640621ca2c6ac37ee405bbc72765c0062a4b7a5491e3d
Source - 2.zip,Source/Core/ModMatrix.cpp,277,.cpp,code/config,keep,,1adb855fe812f9ccf57e485d4cfb3899ff49cb7107d0a777d23bccd80338450e
Source - 2.zip,Source/Core/ModMatrix.h,265,.h,code/config,keep,,180ffba63ad6434b121edffbdef6a083089d505a3e863f6771719e32162522e2
Source - 2.zip,Source/Core/MorphFilter.cpp,5419,.cpp,code/config,keep,,47c968a7b4fbe276af02300b0ce2c9e4988940be1255135e80dd58e4d4a17c91
Source - 2.zip,Source/Core/MorphFilter.h,2792,.h,code/config,keep,,0cd67f36ea487d9bc8f6182bd71436253068d917e0d1838e265805b390ceb9cb
Source - 2.zip,Source/Core/ObjectPool.cpp,1558,.cpp,code/config,keep,,332328c69a9846a334f6074a23bfe70d4045b38d71185ee6069c571cdfbf3a88
Source - 2.zip,Source/Core/ObjectPool.h,9587,.h,code/config,keep,,0c17caffb1a520b2552740ded28e854b71ddaa2eed6ec9b88636caf80fa5ebfd
Source - 2.zip,Source/Core/OptimizedCommands.cpp,99,.cpp,code/config,keep,,8980d3c91dfc716a8b88ac05004a8a9a2c0423203192322ddaf8cbb5a529759e
Source - 2.zip,Source/Core/OptimizedCommands.h,9477,.h,code/config,keep,,40dd9eff5dbdf882e3f0a586b1834bf2d49631cb80c57fbe16ac85df3a1be058
Source - 2.zip,Source/Core/OptimizedOscillatorPool.h,14377,.h,code/config,keep,,4b5aebf0fafd60dd460ad471f4ef3d6ac4a48346bc14c00523b40bc559172db0
Source - 2.zip,Source/Core/PaintEngine.cpp,970,.cpp,code/config,keep,,7e583a6bc8e86753e8e193709910fef305b40e8f101b419f65d2a74f48513f48
Source - 2.zip,Source/Core/PaintEngine.h,23253,.h,code/config,keep,,beecad9839e8441220602418c1f7608965d908c8de07b45e5424ef333f84980f
Source - 2.zip,Source/Core/PaintEngineMinimal.h,38,.h,code/config,keep,,ea5c8f15da1c012891fbb78992b5a7bd6f9bfd92fc2a02b476cbc8c10ac5a092
Source - 2.zip,Source/Core/PaintEngineTest.cpp,6400,.cpp,code/config,keep,,335a23de132aa3aae23849d7df86bcbe4365b84382989198308b922d89dbcc66
Source - 2.zip,Source/Core/PaintMapping.h,1171,.h,code/config,keep,,49c58748b59ed9b89fe76bc6768b65bb67b185c6a637a14b73df8085c11372de
Source - 2.zip,Source/Core/PaintQueue.h,5769,.h,code/config,keep,,9217270c1587f3c46891266230942a61f2b747f20880eca8387402792c47ad1a
Source - 2.zip,Source/Core/ParameterBridge.h,751,.h,code/config,keep,,a7b0b40ca269e0f2bfc80a31d592d39349735955d1a3748e3b0772d17755790d
Source - 2.zip,Source/Core/ParameterSnapshot.h,8596,.h,code/config,keep,,aeac6e8d8ad301ff74a4e447731e9c907e6552f9263da5e1418cfb44863cedd9
Source - 2.zip,Source/Core/ParameterUpdate.h,612,.h,code/config,keep,,0fba9df13b66fbe813dd3e0d64705a4e8401302d7ac643f8c57a11861777f308
Source - 2.zip,Source/Core/ParamIDs.h,221,.h,code/config,keep,,c921e60fc529cf01b3deecebf6405540f487905c7fcbaa242d134b3a6a0548c2
Source - 2.zip,Source/Core/Params.h,19056,.h,code/config,keep,,00e3bd716ee2795fbe734c96a92779a5d6d162cfd4735eab8855cfa1cb15337b
Source - 2.zip,Source/Core/PerformanceProfiler.cpp,21460,.cpp,code/config,keep,,a3cd7faf0cb680be4d7c3f5d80b24f976552be239a4659142f726e93ac53873e
Source - 2.zip,Source/Core/PerformanceProfiler.h,13019,.h,code/config,keep,,338568b418940da285abbb288405ed624e6fa51ca9fdd42405f56c4dbf5650f2
Source - 2.zip,Source/Core/Phase4DebugTap.h,685,.h,code/config,keep,,5c8acd9fff7d00ee26fc4c1f34885cfba08f7ebb20bbbaaa5923c521897b3372
Source - 2.zip,Source/Core/PlatformTimeUtils.h,1338,.h,code/config,keep,,6d2ec7d55feac9a91dcf98352f4d6342f35234d915a99f344c13b1686e042fac
Source - 2.zip,Source/Core/PluginProcessor.cpp,50057,.cpp,code/config,keep,,d32ee749b449c4ff9b00250f58dc86313f6c1fc48edb246c5e6a7795cb53af05
Source - 2.zip,Source/Core/PluginProcessor.h,6834,.h,code/config,keep,,d6ab33ba25f0462e8255a931367dd9af4de2346694cf953bd59ace36513cd157
Source - 2.zip,Source/Core/PluginProcessor.h.tmp,5,.tmp,temp/backup,junk,temp/backup suffix: .tmp,f2ca1bb6c7e907d06dafe4687e579fce76b37e4e93b7605022da52e6ccc26fd2
Source - 2.zip,Source/Core/PremiumFeatures.cpp,21290,.cpp,code/config,keep,,d3527a1d8476d351834be359bf85b13efce81a0d61f1feb220275c90263f46cf
Source - 2.zip,Source/Core/PremiumFeatures.h,7602,.h,code/config,keep,,2e146fd35ec120a6206fbe5971b958f16f86e73f66fa91d243473bc50d1a0e00
Source - 2.zip,Source/Core/PresetManager.h,2910,.h,code/config,keep,,77816fe4eb039219893f0ee73f61d785130c02d7cb13c9d3aad0d8f92cb86d9d
Source - 2.zip,Source/Core/ProfessionalMeteringSuite.h,18109,.h,code/config,keep,,7b26b8513add26b5729e46f4aba515751ee7eaa9b652abb41785a3f4082cce0b
Source - 2.zip,Source/Core/PsychoacousticBandsPrecompute.cpp,9425,.cpp,code/config,keep,,261c904de5d31d10204ca70201a6def0ddc860b4da2410862ad954e7b3cea521
Source - 2.zip,Source/Core/PsychoacousticBandsPrecompute.h,3485,.h,code/config,keep,,fbf37801900fe23f57c72ba260f355d605a7aeffaff487220662b0d43cd06bc9
Source - 2.zip,Source/Core/QualityGuardian.cpp,22467,.cpp,code/config,keep,,5f0b4611af8ee1a741836761ddfa08abbdc106093a8e54d74b78e7001b7bd296
Source - 2.zip,Source/Core/QualityGuardian.h,13467,.h,code/config,keep,,4605ae48d6776884bda110c57fbef9bec29314a2f0a88710972eab936881074b
Source - 2.zip,Source/Core/QualityMonitor.cpp,20954,.cpp,code/config,keep,,b9eb16e2496028709d4bd6997b019e2c0bf536ec9bcda64ba6eece6197f8840d
Source - 2.zip,Source/Core/QualityMonitor.h,9868,.h,code/config,keep,,9290785bae9e7506c2ccef6d1e35b73903c37bed6943b34290b150fb54d12c0f
Source - 2.zip,Source/Core/RealtimeMemoryManager.cpp,1493,.cpp,code/config,keep,,3fc065e1af84e3f61e21064c16f11194114825dbd4ac203167627c9ce73494b7
Source - 2.zip,Source/Core/RealtimeMemoryManager.h,5025,.h,code/config,keep,,8d5cd7189666683c5ba6cf3ad0289098ad9f4c1df4dcf5b950b7c638898d6aff
Source - 2.zip,Source/Core/RealtimeSafeAssertions.h,7738,.h,code/config,keep,,8d02b778bd8949deaf0a19cab42fadd3bfc4b0e70ce04bc2d37b31f0f4d98d0b
Source - 2.zip,Source/Core/RealtimeSafeTypes.h,8948,.h,code/config,keep,,6dc9bd96c46a5fc1486b323e0d0bd38ca6509155ac833e848e05fa2ad406dcbc
Source - 2.zip,Source/Core/ReconfigManager.h,10767,.h,code/config,keep,,76504d1d4b1fcf36542ea21e906df7b6ae5acd0a1339d2a5d904a68e78ce68c0
Source - 2.zip,Source/Core/RTMetrics.h,10950,.h,code/config,keep,,bc46d5e8941a1a96db6d11c3c76b0532b86e68c12187063f62cec6b249b3e72e
Source - 2.zip,Source/Core/SafetyChecks.h,5007,.h,code/config,keep,,76fbb7d47e7c69fd10d54128a96a0c64812007845d0d2c7e7f01ae5cc2f6620b
Source - 2.zip,Source/Core/SampleLoaderService.cpp,11117,.cpp,code/config,keep,,6338cd1383f48ea93bb83847ce9b022755046279383383b1600eae2d6a80e238
Source - 2.zip,Source/Core/SampleLoaderService.h,3086,.h,code/config,keep,,9c66b9cf3354ba0aac380dcfbd09c728c889a209fe2151d4ead5ae0eefce8913
Source - 2.zip,Source/Core/SampleMaskingEngine.cpp,41515,.cpp,code/config,keep,,c2be11aa3f82cb1dbd458fabef9c7742e78a6b2daf6772ff8206b041dc955460
Source - 2.zip,Source/Core/SampleMaskingEngine.h,16379,.h,code/config,keep,,62ae2f6b4a17bf2680ab1a5d2845ed28c879f77acd044ebf6cdc8d0f07ef0a7f
Source - 2.zip,Source/Core/SampleMessage.h,426,.h,code/config,keep,,299ce27e8cd6d20a5782e58cb28cef23e528f82aaf6f49231334646efe2f0327
Source - 2.zip,Source/Core/SecretSauceEngine.cpp,30715,.cpp,code/config,keep,,986a96ba3941d4cf4ac77efc4df7beba16e0404f4cbc25fb6bfeacc2f6107a2d
Source - 2.zip,Source/Core/SecretSauceEngine.h,14448,.h,code/config,keep,,efe4567b494a21c4d2e08891f11fe9651a232fd21756ff037ed07841fa436216
Source - 2.zip,Source/Core/SessionManager.cpp,29065,.cpp,code/config,keep,,37470e529a7050720188ac308f44e63e83e4d5632436c8adb145912de1eac757
Source - 2.zip,Source/Core/SessionManager.h,15169,.h,code/config,keep,,036361ca448f290f411c4001214d71efaf221b0ffff34b6dca7af35f88f7f7d7
Source - 2.zip,Source/Core/SpatialGridTest.cpp,5124,.cpp,code/config,keep,,487f3d03c3118a9a80d46db509ee48189a3e6c549481e649a43328acba223d30
Source - 2.zip,Source/Core/SpatialSampleGrid.cpp,23566,.cpp,code/config,keep,,24784650d31e041e3763eee3b4e61a1fdef0ef9a868280fe485e2c13c319b209
Source - 2.zip,Source/Core/SpatialSampleGrid.h,8403,.h,code/config,keep,,72d41c626d2722d3e080c624f37b0c936b001f203ccc606243d7f2e2ed723d46
Source - 2.zip,Source/Core/SpectralBrushPresets.cpp,36252,.cpp,code/config,keep,,f0ff18541e411aa3bef03d2f8c8e18e1ab37c47dd360c38cfc6d659fa2b1e853
Source - 2.zip,Source/Core/SpectralBrushPresets.h,17134,.h,code/config,keep,,1f1b854f4e8ab9512d14518b69356799271a3ef7bd4941c9dd5d1a39c695db68
Source - 2.zip,Source/Core/SpectralCanvasProProcessor.cpp,1051,.cpp,code/config,keep,,51e4d1b38f987ac6437e053efd7c550c0000a7a9f653f6332839f7757ccec6a7
Source - 2.zip,Source/Core/SpectralCanvasProProcessor.h,1264,.h,code/config,keep,,3917fef2842a3f25dcbe58f27456b885f6c66939c0c79d5ab372eae1f8868dab
Source - 2.zip,Source/Core/SpectralCoreEngine.h,9054,.h,code/config,keep,,f3e16c87c06dc4985b9de55bfd998a77ddd153b0e6b8562f7b215964fe11bbd5
Source - 2.zip,Source/Core/SpectralFrame.h,1353,.h,code/config,keep,,20823874809325b228dceabfbe3238a96a4c2f05ca74c37a4f4c99a549f1aaff
Source - 2.zip,Source/Core/SpectralMask.cpp,14556,.cpp,code/config,keep,,316dc76a69fafd4fbca658efccd69274a3f84c310e8224342b583080f3391e12
Source - 2.zip,Source/Core/SpectralMask.h,6044,.h,code/config,keep,,0c6d8eb90fb459f1103193ca7e36e322c176921a834425932ad32d132706ba53
Source - 2.zip,Source/Core/SpectralPath.cpp,43,.cpp,code/config,keep,,139aba0776968856f61f4a95b821f284760d9e3e1239c9597aa631d5edb6a2bc
Source - 2.zip,Source/Core/SpectralPath.h,1289,.h,code/config,keep,,6f741c988f32eafd6ab713a2adb0b83c1d0d32d91897bb159ceedb836229008a
Source - 2.zip,Source/Core/SpectralProcessor.h,953,.h,code/config,keep,,2838872ea3bee8307cccb2e88c62fbe67d244d1aec743efa7f6b9438636fd75f
Source - 2.zip,Source/Core/SpectralSynthEngine.cpp,3362,.cpp,code/config,keep,,f51ccb4f5b46e6f43f0dfb99d856febced02ff9bdd5b776bc164c81ae09add8d
Source - 2.zip,Source/Core/SpectralSynthEngine.cpp.comprehensive,156816,.comprehensive,other,keep,,fd247a50e1d42299c30eba7f79a66c760526f0831942bf18f48b0c1a1a056a89
Source - 2.zip,Source/Core/SpectralSynthEngine.h,3940,.h,code/config,keep,,a7e524df11e20a172bd5b311a8aa9ab8a72e7cfffeca9eb9bb260ed523dc795c
Source - 2.zip,Source/Core/SpectralSynthEngine.h.comprehensive,44974,.comprehensive,other,keep,,53251220e1ac2f609d63a0bd90a600c6b56d9c1343265b973e628b38823446a5
Source - 2.zip,Source/Core/SpectralSynthEngineStub.cpp,8651,.cpp,code/config,keep,,30f9fa4718da9ad8251d4cf0fc0f6e8045ad5aa8e116bfa7c9a05fe4dcf6d661
Source - 2.zip,Source/Core/SpectralSynthEngineStub.h,3863,.h,code/config,keep,,8a795d96051138069a9b8348182752844b48828464007d59ab8fd8f0cd49beba
Source - 2.zip,Source/Core/SpscRingBuffer.h,2579,.h,code/config,keep,,d5f08a268292125e80797bef1951a0ff5545ef3f88b91cff094f006ac015d345
Source - 2.zip,Source/Core/StereoWidth.cpp,2162,.cpp,code/config,keep,,ba826ff2e8551ce3c78080917438b76ab203c865b7a088b3d7f36bd7530416b9
Source - 2.zip,Source/Core/StereoWidth.h,1123,.h,code/config,keep,,37e11069db8a68dae7afffcdc938f4f41cc491273f8166fe8c4c80ea52ab4cc8
Source - 2.zip,Source/Core/SystemIntegrityTest.h,11205,.h,code/config,keep,,b51f2ea22d9366956a99e0b00cc530a2a5ca51294ac5791e68ae1d4102a0834f
Source - 2.zip,Source/Core/TapeSpeed.cpp,6745,.cpp,code/config,keep,,089f309616a010200af6df2eb1f91894fbd4099b1923db032fad04b1a9cbdc3d
Source - 2.zip,Source/Core/TapeSpeed.h,2167,.h,code/config,keep,,ddfb08535ccbce4a6e2b116d27b6ce60ed46fc2c71110dddd2f88fd0c43e5a30
Source - 2.zip,Source/Core/ThreadSafePaintEngine.h,5754,.h,code/config,keep,,ca7e30e3ec403f320472d73dbcd4eaf47aafd64261eafd0485b85303c7fd9959
Source - 2.zip,Source/Core/ThreadSafetyTests.cpp,18999,.cpp,code/config,keep,,fb0d5c9a4f4033db41f6dfd28a532b01baeb37cc9376d19d88350324bfb9809e
Source - 2.zip,Source/Core/TiledAtlas.cpp,7365,.cpp,code/config,keep,,348bd82b1392b856ccc48f09301a002623bb8d078914c5519a649fddc892448d
Source - 2.zip,Source/Core/TiledAtlas.h,4646,.h,code/config,keep,,b46e2337baeb51afe5b9646829de1f22a6daf7119f2e237703282cc8a3ab7275
Source - 2.zip,Source/Core/TimeUtils.h,1267,.h,code/config,keep,,c3bed0c8a7c326568600ec4d8c870c438e797a34c2a99e4ef282e50eb3be69af
Source - 2.zip,Source/Core/TransientDetector.h,4087,.h,code/config,keep,,7798ea6a97f16d95c05f8e1d90889af53ff2448da923870f2827c322bfccb523
Source - 2.zip,Source/Core/TransportMapping.h,1000,.h,code/config,keep,,f3d9f2a0afc82bfac44827e649cbb386ca7e740be65907dc0351dbf30aa787a8
Source - 2.zip,Source/Core/TubeStage.cpp,9076,.cpp,code/config,keep,,f9e18fe3b370d9b0e50a6fa1125ba1d43f7fc63228f387016bb6ebd319417762
Source - 2.zip,Source/Core/TubeStage.h,3539,.h,code/config,keep,,015110309cfe1b1cf52c4da1e895633f8777c03281e809605b6ed696814f503e
Source - 2.zip,Source/Core/UndoableActions.h,12255,.h,code/config,keep,,b59ef4eb7f6a7ab8a3d19f3618c6bc9530f393cd8eabc382852188ba07d27230
Source - 2.zip,Source/Core/VisualFeedbackEngine.cpp,34418,.cpp,code/config,keep,,8fefb9780e0652288b270dc24ff18eac7de4f9d5354ad393e1106ab20aac7ab6
Source - 2.zip,Source/Core/VisualFeedbackEngine.h,15193,.h,code/config,keep,,84d6398800a884270a359379e80cee3e84aed8112858b0b3430e0afc41cbf290
Source - 2.zip,Source/docs/about,13533,<none>,other,keep,,73a039ba1e100fa8575f966ce20186b5668ae8989cfd7afa993ea2a861786224
Source - 2.zip,Source/docs/about.txt,13533,.txt,docs,junk,duplicate of Source - 2.zip::Source/docs/about,73a039ba1e100fa8575f966ce20186b5668ae8989cfd7afa993ea2a861786224
Source - 2.zip,Source/docs/AI_Mockup_Prompts.md,3914,.md,docs,keep,,08847c001e911c140e1f3a5bf5171d5f832843a5f47fff9697f84501e08c530f
Source - 2.zip,Source/docs/BEATMAKER_UI_STRATEGY.md,11345,.md,docs,keep,,8c1c5fe1d1ac9b1addebcc7ee84e8953bb3338abd40fe1d8a07821acfbe91453
Source - 2.zip,Source/docs/CLAUDE.md,1115,.md,docs,keep,,f94a170485438d146cc2ece15be4b873d4805e71efeedd29020ee1c6f9554eac
Source - 2.zip,Source/docs/DEVJOURNAL.md,717,.md,docs,keep,,ebcdc7517c50669b5cfc99ea5d841119e12c4534f37a4caedef1ecd6062cdac2
Source - 2.zip,Source/docs/how would it work,13664,<none>,other,keep,,4c53640ec828de1dfe0166ac1636284903b84139ee5eafc605b481609103119b
Source - 2.zip,Source/docs/how would it work.txt,13664,.txt,docs,junk,duplicate of Source - 2.zip::Source/docs/how would it work,4c53640ec828de1dfe0166ac1636284903b84139ee5eafc605b481609103119b
Source - 2.zip,Source/docs/INTEGRATION_COMPLETE.md,7348,.md,docs,keep,,e9c03655273fa3683bca0bb2b1d20718f40a8d6143edd3dfb3f01c70466ead8e
Source - 2.zip,Source/docs/Metasynth and Composer Desktop Pro features.docx,5002158,.docx,docs,keep,,b81e8f90a65e5f6a4f997f52494e90916c8990bf25cc852d6654648c7c79e51a
Source - 2.zip,Source/docs/PaintEngine_README.md,7269,.md,docs,keep,,d0aa049bfa9a547607e5ba3d198ab285d68e8ebd1d92048c49b4d44386e8672b
Source - 2.zip,Source/docs/plan.md,31454,.md,docs,keep,,19a514c5b50db492088cc2971987c6cc3b4fba76e8e85d36b77acc4622412a63
Source - 2.zip,Source/docs/read this,16702,<none>,other,keep,,8b5c47461884933405fd216cb9b0eb148e0b29787fbdf1b65a10d4651b932ec3
Source - 2.zip,Source/docs/read this.txt,16702,.txt,docs,junk,duplicate of Source - 2.zip::Source/docs/read this,8b5c47461884933405fd216cb9b0eb148e0b29787fbdf1b65a10d4651b932ec3
Source - 2.zip,Source/docs/README.md,22765,.md,docs,keep,,0d616161eb059de5860ef3997f725845bb52265209254e15ef243c9d718ceab9
Source - 2.zip,Source/docs/ROADMAP.md,1477,.md,docs,keep,,4279895bc9ab353d85d7785180c20a15679523fd8edad5c8840cd9c29c41369a
Source - 2.zip,Source/docs/SORA_UI_PROMPT.md,1048,.md,docs,keep,,cc2df7439da21cf7ba6a16a913782a0a93007cae17c5c0efe4b1a27ce8bd3686
Source - 2.zip,Source/docs/status.md,4958,.md,docs,keep,,586441d5bb23ae8f4cc219c9a3a238e7216fbe6d93c529da9ad6604474e35809
Source - 2.zip,Source/docs/Summary.txt,22782,.txt,docs,keep,,f23158908565b3954894b849749566d43a097d5bd968976e183ce9654776b6cc
Source - 2.zip,Source/docs/UI_DESIGN_PROMPT.md,4435,.md,docs,keep,,167109bddb192338e3ef885511ba55da1b5aef82e991d6046e0de20325d4edbd
Source - 2.zip,Source/docs/Visual_Interface_Mockup.md,14768,.md,docs,keep,,344fca5e4f06843269d7c18cd04a8877ea77d0bbd991a3cc3bb4b571139e5181
Source - 2.zip,Source/docs/WORKFLOW.md,857,.md,docs,keep,,03e0546ebb693745c6b26ea5a9ee129893ec7ddd41ed4861fb50935c9eece6bf
Source - 2.zip,Source/docs/~$tasynth and Composer Desktop Pro features.docx,162,.docx,docs,keep,,4417cfe854d993b71f0e924ff6391f98cee5cdfcead38616e75eacfd8c2e7f3f
Source - 2.zip,Source/docs/‚óè COMPREHENSIVE CODE REVIEW ARTEFAC.txt,6667,.txt,docs,keep,,b4f97c3b3d4de6d28d0f49f90f7a6103b097d31aeabe1072949e0873b17fecbe
Source - 2.zip,Source/DSP/SpectralProcessor.cpp,0,.cpp,code/config,junk,zero-byte file,e3b0c44298fc1c149afbf4c8996fb92427ae41e4649b934ca495991b7852b855
Source - 2.zip,Source/DSP/TubeStage.h,720,.h,code/config,keep,,ab0169371247b6a08fffcf30262615c47aa218e4dc72df495541b02419977e3a
Source - 2.zip,Source/DSP/ZPlane/ZPlaneCoefficientBank.cpp,877,.cpp,code/config,keep,,ed33837e2c715e16b7a0832054fd1c7ebffedb115c8ba9d5f0bd0ec0bbebbe23
Source - 2.zip,Source/DSP/ZPlane/ZPlaneCoefficientBank.h,1478,.h,code/config,keep,,e6132dd607205a88f57af5b6e96f07004dcdc3b22b40ca8e9b99e350a630e708
Source - 2.zip,Source/DSP/ZPlane/ZPlaneLogFreqLUT.h,1231,.h,code/config,keep,,6648a299ea1b50f1fa57b9a3ee0672ff5af25fecc7d253bbdc819c44fa5199db
Source - 2.zip,Source/DSP/ZPlane/ZPlaneSpectralMask.cpp,5993,.cpp,code/config,keep,,211d544d6fd3fae53c2d7d7e505338df14fd39661d53990fc7ae0024c3854d05
Source - 2.zip,Source/DSP/ZPlane/ZPlaneSpectralMask.h,2337,.h,code/config,keep,,2baf55794c320fe527ec7910f8516fbdcfe2a3cb43477ea3f1de89dc4cd5fdab
Source - 2.zip,Source/DSP/ZPlane/ZPlaneUtils.h,1138,.h,code/config,keep,,eedc550a3dde21981027ccf95fa00ddc647fe9dac1ec39d508d8ff2236e7ece7
Source - 2.zip,Source/gpu/DeviceResilience.h,2096,.h,code/config,keep,,4f924d0dc9b6d98d305147b3bcbf4e97c8b1ad7f9415049f8f1be7c2ca2fd994
Source - 2.zip,Source/GUI/components/MeterView.cpp,1169,.cpp,code/config,keep,,3dd706d6d38dc796a6a55cda170191f5c9d1feae649f9c653b4727bf752ac8e1
Source - 2.zip,Source/GUI/components/MeterView.h,493,.h,code/config,keep,,17fb7b5871b211e6554bc7ed4446b02d7768567fada4dcb7d984824052ee91dd
Source - 2.zip,Source/GUI/MinimalTopStrip.h,2400,.h,code/config,keep,,91632ec76b947b13e3afc5af86d4b162fd5c71c68e7a7682bdd62ce2e3764604
Source - 2.zip,Source/Main.cpp,102,.cpp,code/config,keep,,c6f661dff8320a1d0d84caaf72c558742595d2524aafa44ca3a38bd70395ce80
Source - 2.zip,Source/MainEMU.cpp,6648,.cpp,code/config,keep,,610d705251e755f6fb218847b72f834487aedc06d2b4735e654d1a6c49923a7d
Source - 2.zip,Source/Main_Minimal.cpp,1869,.cpp,code/config,keep,,f5852e25339bfe69778cb464bb41be270183b42312fef760cfcab88d58db502c
Source - 2.zip,Source/OfflineRender.cpp,10977,.cpp,code/config,keep,,5f9520262a26d4741dd815fb3f89d32bfbb0e1304aac566fefef1c097718a354
Source - 2.zip,Source/PaintControlPanel.h,5357,.h,code/config,keep,,fbcd542a271b3b77ae72cda12ffb7c7579dd78bf34377ee532d1c7f96beeec1f
Source - 2.zip,Source/PaintEngine.h,23721,.h,code/config,keep,,dbf9bdd3f5e82e9771d4fec4fa90e9d0b12e83f2009cc2f44f36e31ec40d3687
Source - 2.zip,Source/PaintQueue.h,4437,.h,code/config,keep,,f36a4ed1171c74349ad43d6d36651eae32cd371e3703d7082033334fbc9f40c1
Source - 2.zip,Source/ParameterBridge.h,751,.h,code/config,junk,duplicate of Source - 2.zip::Source/Core/ParameterBridge.h,a7b0b40ca269e0f2bfc80a31d592d39349735955d1a3748e3b0772d17755790d
Source - 2.zip,Source/ParamIDs.h,2632,.h,code/config,keep,,742ba63dc21e494afb491d35e21e3b84dc542778a697622dc8c28debaabd89e9
Source - 2.zip,Source/PluginMinimal/PluginProcessor.cpp,1907,.cpp,code/config,keep,,6e766e40553bf9c3662f2f1c62ca53f0f684fb6876845165c77d48480fddec6f
Source - 2.zip,Source/PluginMinimal/PluginProcessor.h,1810,.h,code/config,keep,,076cab2913e2e15ca34336c71ecb993f87db7de576e1a0d2008e4e1d8e06f554
Source - 2.zip,Source/ProfessionalErrorDialog.cpp,10770,.cpp,code/config,keep,,6f79c307f5b1bf562fa269af560d8cc4578b47bded74833135f8da65c93c2b2e
Source - 2.zip,Source/ProfessionalErrorDialog.h,2925,.h,code/config,keep,,51a1517d9a90a77a1ecde52a47b12c41fe726915c68dd3ae3bad7fd986163460
Source - 2.zip,Source/ProfessionalKeyboardShortcuts.cpp,14666,.cpp,code/config,keep,,7b2e18161fdd859f724eea583945fb417c6a48c5a96f079a4a1dd780aab2f4bc
Source - 2.zip,Source/ProfessionalKeyboardShortcuts.h,5925,.h,code/config,keep,,a7ea072d3cf6aafbe19a032abf36c7f7b42c5e10c30ce7c952ef47e2d73c47d6
Source - 2.zip,Source/SoundRenderer.cpp,976,.cpp,code/config,keep,,060587f7cf627da9e86517f49d61077b8ab3f4cf3aed92ac226877160483f75c
Source - 2.zip,Source/SoundRenderer.h,271,.h,code/config,keep,,4ee8939efa032cfdd5cb773bfe182eb8cffe1d094c9710f999833afc32389f2c
Source - 2.zip,Source/Spectral/STFTEngine.cpp,1484,.cpp,code/config,keep,,8e439a29033e3d3489e1de630e1113745e30463a5262cb5d98fa99d46fac1488
Source - 2.zip,Source/Spectral/STFTEngine.h,704,.h,code/config,keep,,4ab7aa5920e146909d2fe0bc56d87816fdbc2c9fbd181fb3525268175d84bae6
Source - 2.zip,Source/SpectralCanvasApp.h,2230,.h,code/config,keep,,d5e7f06336d627e72194c0f85540ad2845af915d31ba287d350ef21511adef82
Source - 2.zip,Source/SpectralCanvasProAudioProcessor.cpp,46129,.cpp,code/config,keep,,9dd03d47a0f816a0bee98991cd0c0162d67e1b369edb170525ec30fb2abc92fa
Source - 2.zip,Source/SpectralCanvasProAudioProcessor.h,20630,.h,code/config,keep,,7f45d5a5404de31863bf347bbbd0595bf41f5735d8a555d0c0706cb8c15a43df
Source - 2.zip,Source/SpectralCanvasProEditor.cpp,4552,.cpp,code/config,keep,,5110093a8f178dcb563147d7900bb4d57f80b93b7089e81ead9d7068c4abe178
Source - 2.zip,Source/SpectralCanvasProEditor.h,2108,.h,code/config,keep,,2350bec5d8bf957d448853ceb2ca8e9433d2b182f88f0d312eecdaea14f1727f
Source - 2.zip,Source/SpectralPaintProcessor.cpp,4098,.cpp,code/config,keep,,7f53ba55ff30e435a049ae709015ad0be95beef52870ded0fc2ddca7ffc07144
Source - 2.zip,Source/SpectralPaintProcessor.h,3908,.h,code/config,keep,,ed909a0beb3a0caf564d77db5994646d8d68b888b0346a75eb4652b087e5aadd
Source - 2.zip,Source/TrackerDrumSequencer.h,7889,.h,code/config,keep,,ca7c9a5345b421c6354d06a015a6c52088a6d26e0f488d18ab214bb15f488de2
Source - 2.zip,Source/TrackerPatternComponent.cpp,26738,.cpp,code/config,keep,,112385fdea7e6f13a96413ccfd1cff2182b696b595a49ae082f5697cf305e81c
Source - 2.zip,Source/TrackerPatternComponent.h,9589,.h,code/config,keep,,740f4dc48ddea5ca40ab70cd4ac08d7f5968f9d80038dc01850e403679b78f61
Source - 2.zip,Source/UI/SpectralCanvasProEditor.cpp,629,.cpp,code/config,keep,,fb8cff7590dcbc225e3d6079bd462790861804eb3c4f344e6c106d33fe728015
Source - 2.zip,Source/UI/SpectralCanvasProEditor.h,481,.h,code/config,keep,,eddddd679747ea83e11317e4ba239f8de930693d58fe3db2fd5865bad5ff012d
Source - 2.zip,Source/VintageProLookAndFeel.cpp,17837,.cpp,code/config,keep,,3481b002b660c54783c3233c920f4098a5e6fc222be46b3c29746c228b4b4eea
Source - 2.zip,Source/VintageProLookAndFeel.h,6069,.h,code/config,keep,,e7d33d7261f57f916f874f479e57d77b8f99df4e2bbd06b76b59334310bf3d6a
emu_extracted - 1.zip,emu_extracted/AuthenticEMUZPlane.cpp,8397,.cpp,code/config,junk,duplicate of EMU_ZPlane_Vault - 1.zip::EMU_ZPlane_Vault/AUTHENTIC/core/AuthenticEMUZPlane.cpp,1d22f55952e66af16b816ec7f29c668973d5ce505ecdeac931b55baac996198a
emu_extracted - 1.zip,emu_extracted/banks/Orbit3_Authentic.json,66899,.json,code/config,keep,,445b43ba8dac9e4f9705f50e5191a2bc9a90cc237ae2fab76c47a446e123f677
emu_extracted - 1.zip,emu_extracted/banks/PlanetPhatt_Authentic.json,102587,.json,code/config,keep,,ae935d910053ce835802f0603c44587e47290811fa69ac44927bcb05856f6b4a
emu_extracted - 1.zip,emu_extracted/banks/XtremeLead1_Authentic.json,17988,.json,code/config,keep,,60912d04678a7586095026a41018032ac42c351ef299b6bbee2da5b95ee664f9
emu_extracted - 1.zip,emu_extracted/CMakeLists.txt,1429,.txt,docs,keep,,0925c4228b8a8741febca2757d11b3cdd9d6a903927361ad1d58719e227a9950
emu_extracted - 1.zip,emu_extracted/EMUFilter.cpp,6026,.cpp,code/config,keep,,46826f874a4f2e9257047cb03ac3fe8c565eea836492619ddc9d018b020fb961
emu_extracted - 1.zip,emu_extracted/EMUFilter.h,10580,.h,code/config,keep,,c4c4eeae925d5226df58db9fd6122ac0c11e6d594f8dc30f910d95ad9441d397
emu_extracted - 1.zip,emu_extracted/EMUFilter1.h,10580,.h,code/config,junk,duplicate of emu_extracted - 1.zip::emu_extracted/EMUFilter.h,c4c4eeae925d5226df58db9fd6122ac0c11e6d594f8dc30f910d95ad9441d397
emu_extracted - 1.zip,emu_extracted/emu_extracted.zip,29719,.zip,archive,keep,,07bb514ffa7454f100a426062b9acd7fb4507a8eb9b2a925355cb0f4f73f4ccd
emu_extracted - 1.zip,emu_extracted/emu_zplane_api.h,1379,.h,code/config,keep,,86a793515f7d578f8d8c1fc08b6ba0480f98741506d7c5f0d8025ddeeaa75f3b
emu_extracted - 1.zip,emu_extracted/FieldEngineFXProcessor.cpp,25001,.cpp,code/config,keep,,5f8d6ab73cc1c558704832989b808a900398e29e0e49a7833bb9decd5f1e552d
emu_extracted - 1.zip,emu_extracted/index.csv,1741,.csv,docs,keep,,1b81d825d6d955e4b7e535a9bf63a116548aab54c97184b191e452ed42e2a430
emu_extracted - 1.zip,emu_extracted/manifest.json,2902,.json,code/config,keep,,dd0dc00ceee2c278c886fcab554cb75e13932d2ace55642223ce59ced4b56a9e
emu_extracted - 1.zip,emu_extracted/README.md,1816,.md,docs,keep,,5dfd9a6519b5ec6291b5ffc860952818ffbb4380eb72aa01001b0664fc459ffd
emu_extracted - 1.zip,emu_extracted/shapes/audity_shapes_A_48k.json,1535,.json,code/config,junk,duplicate of EMU_ZPlane_Vault - 1.zip::EMU_ZPlane_Vault/AUTHENTIC/shapes/audity_shapes_A_48k.json,c20e8bdcb640998007e689f40f3354b73e3a8c8a95597dc325d69ae242c0b2d1
emu_extracted - 1.zip,emu_extracted/shapes/audity_shapes_B_48k.json,1567,.json,code/config,junk,duplicate of EMU_ZPlane_Vault - 1.zip::EMU_ZPlane_Vault/AUTHENTIC/shapes/audity_shapes_B_48k.json,15362e619d2479efbfb9f94cc4288dfc00345916525c55a0269b8a918a11c555
emu_extracted - 1.zip,emu_extracted/ZPlaneFilter.h,9702,.h,code/config,junk,duplicate of EMU_ZPlane_Vault - 1.zip::EMU_ZPlane_Vault/AUTHENTIC/core/ZPlaneFilter.h,e88fb421a28886ce04e696629c58df885f6552da3dfe792279db8721046b4483
emu_extracted - 1.zip,emu_extracted/ZPlaneTables.h,2566,.h,code/config,junk,duplicate of EMU_ZPlane_Vault - 1.zip::EMU_ZPlane_Vault/AUTHENTIC/tables/ZPlaneTables.h,a294e4862f9dfe94692f169d360bdb12aea33c0b423f0c72d1de943e6ee53050
